<?xml version="1.0" encoding="UTF-8"?><!DOCTYPE mapper
  PUBLIC "-//mybatis.org//DTD Mapper 3.0//EN"
  "http://mybatis.org/dtd/mybatis-3-mapper.dtd">
<mapper namespace="com.pgr.user.UserMapper">
	<insert id="insUser">
		INSERT INTO pgrUser
		( userEmail, userPw, nickname )
		VALUES
		( #{userEmail}, #{userPw}, #{nickname} )
	</insert>
	
	<select id="selUser" resultType="com.pgr.rm.model.UserEntity">
		SELECT * FROM pgrUser
		WHERE userEmail = #{userEmail}
	</select>

	<update id="updateUserPassword">
		UPDATE pgrUser
		SET userPw = #{userPw}
		WHERE userEmail = #{userEmail}
	</update>

	<select id="findUserByUserId" resultType="com.pgr.rm.model.UserEntity">
		SELECT userEmail, nickname FROM pgrUser
		WHERE userEmail = #{userEmail}
	</select>
	
	
</mapper>