<?xml version="1.0" encoding="UTF-8"?>
<!DOCTYPE mapper
  PUBLIC "-//mybatis.org//DTD Mapper 3.0//EN"
  "http://mybatis.org/dtd/mybatis-3-mapper.dtd">
<mapper namespace="com.pgr.bet.BetMapper">
	<insert id="insBet">
		INSERT INTO b_user
		(userPk, property, id, team, myProperty, bResult, success, win, lose, draw)
		VALUES
		(#{userPk}, #{property}, #{id}, #{team}, #{myProperty}, #{bResult}, #{success}, #{win}, #{lose}, #{draw})	
	</insert>
	<select id="selBetList" resultType="com.pgr.model.BetEntity">
		SELECT * FROM b_user
		WHERE id= #{id}
	</select>
	<update id="updBetSuccess">
		UPDATE b_user
		<choose>
			<when test="cTeam == 2">
				SET success = property * (SELECT SUM(property)/SUM(lose) FROM b_user)
				WHERE id = #{id} AND team = 2;
			</when>
			<when test="cTeam == 0">
				SET success = property * (SELECT SUM(property)/SUM(win) FROM b_user)
				WHERE id = #{id} AND team = 0;
			</when>
			<otherwise>
				SET success = property * (SELECT SUM(property)/SUM(draw) FROM b_user)
				WHERE id = #{id} AND team = 1;		
			</otherwise>
		</choose>
	</update>

	<update id="updBetuser">
		UPDATE b_user
		SET myProperty = #{success} + #{myProperty}
		WHERE id = #{id};
	</update>
</mapper> 